RegionWorldBank,SubregionName,CountryName,SurveyYear,Wealth_Quintile,prop_dom,prop_dom_low,prop_dom_upp
East Asia & Pacific,Pacific Islands,Papua New Guinea,2017,poorest,0.6014848805950123,0.5469319271580768,0.6560378340319477
East Asia & Pacific,Pacific Islands,Papua New Guinea,2017,poorer,0.5329409566520373,0.476769253489474,0.5891126598146007
East Asia & Pacific,Pacific Islands,Papua New Guinea,2017,middle,0.4009682933156569,0.3545380011544542,0.4473985854768596
East Asia & Pacific,Pacific Islands,Papua New Guinea,2017,richer,0.2729295567031258,0.23211992199829665,0.3137391914079549
East Asia & Pacific,Pacific Islands,Papua New Guinea,2017,richest,0.06975563959779962,0.04640875627652177,0.09310252291907747
East Asia & Pacific,Southeast Asia,Cambodia,2014,poorest,0.31223307849405396,0.2593005900774485,0.36516556691065943
East Asia & Pacific,Southeast Asia,Cambodia,2014,poorer,0.20807346256950557,0.17275138800336187,0.24339553713564926
East Asia & Pacific,Southeast Asia,Cambodia,2014,middle,0.13108128110491865,0.09925583421274115,0.16290672799709616
East Asia & Pacific,Southeast Asia,Cambodia,2014,richer,0.09004318782039636,0.06619533083529115,0.11389104480550157
East Asia & Pacific,Southeast Asia,Cambodia,2014,richest,0.038292055891710954,0.02425018954706755,0.05233392223635436
East Asia & Pacific,Southeast Asia,Indonesia,2012,poorest,0.6893756434566437,0.6626244069476803,0.7161268799656071
East Asia & Pacific,Southeast Asia,Indonesia,2012,poorer,0.4180995291054521,0.3868297247525286,0.44936933345837565
East Asia & Pacific,Southeast Asia,Indonesia,2012,middle,0.33241844202438664,0.30121492468065414,0.36362195936811914
East Asia & Pacific,Southeast Asia,Indonesia,2012,richer,0.20536134545019927,0.1766233331796087,0.23409935772078982
East Asia & Pacific,Southeast Asia,Indonesia,2012,richest,0.11486185268675496,0.09257382424517215,0.13714988112833776
East Asia & Pacific,Southeast Asia,Myanmar,2016,poorest,0.8303202346605824,0.7923479782007029,0.8682924911204618
East Asia & Pacific,Southeast Asia,Myanmar,2016,poorer,0.7407956757963761,0.6992115220647696,0.7823798295279826
East Asia & Pacific,Southeast Asia,Myanmar,2016,middle,0.6229506997095877,0.571945130338232,0.6739562690809434
East Asia & Pacific,Southeast Asia,Myanmar,2016,richer,0.49910583942638365,0.446167607127178,0.5520440717255893
East Asia & Pacific,Southeast Asia,Myanmar,2016,richest,0.1744085213023057,0.12416556451459897,0.2246514780900124
East Asia & Pacific,Southeast Asia,Philippines,2017,poorest,0.39324186097281444,0.3495646239612531,0.4369190979843758
East Asia & Pacific,Southeast Asia,Philippines,2017,poorer,0.22331234321487967,0.18718746686284599,0.25943721956691335
East Asia & Pacific,Southeast Asia,Philippines,2017,middle,0.12547997973876057,0.09795193579285699,0.15300802368466415
East Asia & Pacific,Southeast Asia,Philippines,2017,richer,0.05456345427046143,0.028110232980658168,0.08101667556026469
East Asia & Pacific,Southeast Asia,Philippines,2017,richest,0.017570021545654426,0.007246129863190433,0.02789391322811842
East Asia & Pacific,Southeast Asia,Timor-Leste,2016,poorest,0.8309086374944085,0.800382457294361,0.861434817694456
East Asia & Pacific,Southeast Asia,Timor-Leste,2016,poorer,0.7196044620239865,0.6829605449677452,0.7562483790802279
East Asia & Pacific,Southeast Asia,Timor-Leste,2016,middle,0.5403884432731502,0.4920707022059619,0.5887061843403385
East Asia & Pacific,Southeast Asia,Timor-Leste,2016,richer,0.33430813532272735,0.2882769456119987,0.380339325033456
East Asia & Pacific,Southeast Asia,Timor-Leste,2016,richest,0.127362081313642,0.09494023276109378,0.1597839298661902
Europe & Central Asia,Central Asia,Kyrgyz Republic,2012,poorest,0.0030236439487484348,-7.450626655432593e-4,0.006792350563040129
Europe & Central Asia,Central Asia,Kyrgyz Republic,2012,poorer,0.00426048175268377,-3.1172046359234217e-4,0.008832683968959882
Europe & Central Asia,Central Asia,Kyrgyz Republic,2012,middle,0.0039474527691282305,-0.0017644568256995124,0.009659362363955974
Europe & Central Asia,Central Asia,Kyrgyz Republic,2012,richer,0.007256525240375582,-0.0045655331791821675,0.019078583659933333
Europe & Central Asia,Central Asia,Kyrgyz Republic,2012,richest,0,0,0
Europe & Central Asia,Central Asia,Tajikistan,2017,poorest,0.21163985196123913,0.15526556873702113,0.26801413518545714
Europe & Central Asia,Central Asia,Tajikistan,2017,poorer,0.12782976549888808,0.09616557991379049,0.15949395108398567
Europe & Central Asia,Central Asia,Tajikistan,2017,middle,0.1166290448021093,0.08432874523418375,0.14892934437003486
Europe & Central Asia,Central Asia,Tajikistan,2017,richer,0.07701546870573359,0.05154588116340227,0.10248505624806489
Europe & Central Asia,Central Asia,Tajikistan,2017,richest,0.04535458445807922,0.02892116000399608,0.06178800891216235
Europe & Central Asia,Eastern Europe,Moldova,2005,poorest,0.027377355814360283,0.00822499187284479,0.046529719755875776
Europe & Central Asia,Eastern Europe,Moldova,2005,poorer,0.0066694162459077,-0.0026418139274519987,0.0159806464192674
Europe & Central Asia,Eastern Europe,Moldova,2005,middle,0.005187003400691318,-0.004865186743164255,0.01523919354454689
Europe & Central Asia,Eastern Europe,Moldova,2005,richer,0,0,0
Europe & Central Asia,Eastern Europe,Moldova,2005,richest,0,0,0
Europe & Central Asia,Southern Europe,Albania,2017,poorest,0.008452273920614956,0.0017269828240380515,0.01517756501719186
Europe & Central Asia,Southern Europe,Albania,2017,poorer,0.009302382390299357,-3.5541307634025243e-4,0.018960177856938966
Europe & Central Asia,Southern Europe,Albania,2017,middle,0.002605208164856379,-0.0025107921816837943,0.007721208511396552
Europe & Central Asia,Southern Europe,Albania,2017,richer,0,0,0
Europe & Central Asia,Southern Europe,Albania,2017,richest,0,0,0
Europe & Central Asia,West Asia,Armenia,2016,poorest,0,0,0
Europe & Central Asia,West Asia,Armenia,2016,poorer,0,0,0
Europe & Central Asia,West Asia,Armenia,2016,middle,0,0,0
Europe & Central Asia,West Asia,Armenia,2016,richer,0,0,0
Europe & Central Asia,West Asia,Armenia,2016,richest,0.005601301196442944,-0.004026178119668117,0.015228780512554004
Europe & Central Asia,West Asia,Azerbaijan,2006,poorest,0.38482791617110057,0.2943309450064844,0.47532488733571676
Europe & Central Asia,West Asia,Azerbaijan,2006,poorer,0.2920909732331805,0.21393368766393822,0.3702482588024228
Europe & Central Asia,West Asia,Azerbaijan,2006,middle,0.19567149850349588,0.13202944277004275,0.259313554236949
Europe & Central Asia,West Asia,Azerbaijan,2006,richer,0.08234545289110674,0.03805544138369169,0.1266354643985218
Europe & Central Asia,West Asia,Azerbaijan,2006,richest,0.02857779320270397,-4.196313906958647e-4,0.057575217796103806
Europe & Central Asia,West Asia,Turkey,2013,poorest,0.08164848086717524,0.06003899273673974,0.10325796899761075
Europe & Central Asia,West Asia,Turkey,2013,poorer,0.014241460711734674,0.006867842504252291,0.021615078919217056
Europe & Central Asia,West Asia,Turkey,2013,middle,0.008157400055589277,-5.708613749207808e-6,0.01632050872492776
Europe & Central Asia,West Asia,Turkey,2013,richer,8.029754007360168e-4,-7.761930431673562e-4,0.00238214384463939
Europe & Central Asia,West Asia,Turkey,2013,richest,0,0,0
Latin America & Caribbean,Caribbean,Dominican Republic,2013,poorest,0.031121473368282308,0.01804530954635538,0.044197637190209235
Latin America & Caribbean,Caribbean,Dominican Republic,2013,poorer,0.0052429134044707035,-0.0025570927082824184,0.013042919517223826
Latin America & Caribbean,Caribbean,Dominican Republic,2013,middle,0.0025411813417792945,-0.0024205927890180016,0.007502955472576591
Latin America & Caribbean,Caribbean,Dominican Republic,2013,richer,0.0027425422466858954,-0.0015299594804028894,0.00701504397377468
Latin America & Caribbean,Caribbean,Dominican Republic,2013,richest,0,0,0
Latin America & Caribbean,Caribbean,Haiti,2016,poorest,0.8623207551595806,0.8371671934273205,0.8874743168918408
Latin America & Caribbean,Caribbean,Haiti,2016,poorer,0.736139626216601,0.6938495008796175,0.7784297515535845
Latin America & Caribbean,Caribbean,Haiti,2016,middle,0.5613601085920045,0.521658539764595,0.601061677419414
Latin America & Caribbean,Caribbean,Haiti,2016,richer,0.4292128398644021,0.3854486679285053,0.47297701180029894
Latin America & Caribbean,Caribbean,Haiti,2016,richest,0.18976720025207602,0.1552397999865459,0.22429460051760614
Latin America & Caribbean,Central America,Guatemala,2015,poorest,0.6261831184431261,0.5876523900073158,0.6647138468789364
Latin America & Caribbean,Central America,Guatemala,2015,poorer,0.4562866566932013,0.4192292169844354,0.4933440964019672
Latin America & Caribbean,Central America,Guatemala,2015,middle,0.2597658078955708,0.23081993785231814,0.28871167793882346
Latin America & Caribbean,Central America,Guatemala,2015,richer,0.10104504469020673,0.08343202373018649,0.11865806565022696
Latin America & Caribbean,Central America,Guatemala,2015,richest,0.041318358538951085,0.02845858277008147,0.0541781343078207
Latin America & Caribbean,Central America,Honduras,2011,poorest,0.41946625402693605,0.3918738085084599,0.4470586995454122
Latin America & Caribbean,Central America,Honduras,2011,poorer,0.18913461738968448,0.16636954406555696,0.211899690713812
Latin America & Caribbean,Central America,Honduras,2011,middle,0.08603177982465975,0.0691132675900143,0.1029502920593052
Latin America & Caribbean,Central America,Honduras,2011,richer,0.0388601232903319,0.02769823022796109,0.05002201635270272
Latin America & Caribbean,Central America,Honduras,2011,richest,0.015420414728112182,0.005981369458624149,0.024859459997600215
Latin America & Caribbean,South America,Bolivia,2008,poorest,0.6860935569057672,0.6497462381719079,0.7224408756396266
Latin America & Caribbean,South America,Bolivia,2008,poorer,0.4021662169178612,0.358770665674614,0.4455617681611084
Latin America & Caribbean,South America,Bolivia,2008,middle,0.1934997980475678,0.16349213822504688,0.22350745787008874
Latin America & Caribbean,South America,Bolivia,2008,richer,0.08168981982727157,0.05977656423326634,0.1036030754212768
Latin America & Caribbean,South America,Bolivia,2008,richest,0.011099528458562945,0.004496388995682751,0.01770266792144314
Latin America & Caribbean,South America,Colombia,2015,poorest,0.09856800571419606,0.0797104419298105,0.11742556949858163
Latin America & Caribbean,South America,Colombia,2015,poorer,0.005597076003543709,0.002468005730850748,0.00872614627623667
Latin America & Caribbean,South America,Colombia,2015,middle,0.00434153861970708,0.0013573708583666097,0.00732570638104755
Latin America & Caribbean,South America,Colombia,2015,richer,0.004156547125274831,-0.0016403642448376294,0.009953458495387292
Latin America & Caribbean,South America,Colombia,2015,richest,0,0,0
Latin America & Caribbean,South America,Guyana,2009,poorest,0.22552314693513376,0.1794013901166843,0.2716449037535832
Latin America & Caribbean,South America,Guyana,2009,poorer,0.04686635609921022,0.02069267480168155,0.0730400373967389
Latin America & Caribbean,South America,Guyana,2009,middle,0.020756640426380736,0.003384684667318137,0.038128596185443335
Latin America & Caribbean,South America,Guyana,2009,richer,0.02043051226311949,0.0028167143147824134,0.038044310211456565
Latin America & Caribbean,South America,Guyana,2009,richest,0.019635471031329087,0.0015034646668246263,0.03776747739583355
Latin America & Caribbean,South America,Peru,2012,poorest,0.42626598310294556,0.38481155366062103,0.4677204125452701
Latin America & Caribbean,South America,Peru,2012,poorer,0.13973347204104142,0.1194925599325654,0.15997438414951742
Latin America & Caribbean,South America,Peru,2012,middle,0.03792766255763406,0.027017688083839163,0.04883763703142895
Latin America & Caribbean,South America,Peru,2012,richer,0.009294956692289049,0.003130083688162859,0.01545982969641524
Latin America & Caribbean,South America,Peru,2012,richest,0.004204322102983389,-0.0020008747296760623,0.01040951893564284
Middle East & North Africa,North Africa,Egypt,2014,poorest,0.24742484463413744,0.21470356499603058,0.28014612427224433
Middle East & North Africa,North Africa,Egypt,2014,poorer,0.2075442852323967,0.18442798463817586,0.23066058582661755
Middle East & North Africa,North Africa,Egypt,2014,middle,0.11516921573213557,0.09861656058682224,0.1317218708774489
Middle East & North Africa,North Africa,Egypt,2014,richer,0.06805911533724386,0.05285223176800537,0.08326599890648236
Middle East & North Africa,North Africa,Egypt,2014,richest,0.02275609276435338,0.01521754658601376,0.030294638942693002
Middle East & North Africa,North Africa,Morocco,2003,poorest,0.7052023963074947,0.659593310955029,0.7508114816599604
Middle East & North Africa,North Africa,Morocco,2003,poorer,0.5141553243185264,0.4663802004686708,0.561930448168382
Middle East & North Africa,North Africa,Morocco,2003,middle,0.3178482322221921,0.273952347809504,0.3617441166348802
Middle East & North Africa,North Africa,Morocco,2003,richer,0.15936626561615425,0.1238683900883461,0.1948641411439624
Middle East & North Africa,North Africa,Morocco,2003,richest,0.05956383455489071,0.038213221524590155,0.08091444758519127
Middle East & North Africa,West Asia,Jordan,2017,poorest,0.024771698173351252,0.015102596253732075,0.03444080009297043
Middle East & North Africa,West Asia,Jordan,2017,poorer,0.005503646929770225,5.790061968954366e-4,0.010428287662645013
Middle East & North Africa,West Asia,Jordan,2017,middle,0.005199154853904574,-0.002213625019432076,0.012611934727241224
Middle East & North Africa,West Asia,Jordan,2017,richer,8.634042458859066e-4,-4.383378108676521e-4,0.0021651463026394653
Middle East & North Africa,West Asia,Jordan,2017,richest,7.937985156050967e-4,-7.696610599400001e-4,0.0023572580911501934
Middle East & North Africa,West Asia,Yemen,2013,poorest,0.8630940121678787,0.844232321561732,0.8819557027740255
Middle East & North Africa,West Asia,Yemen,2013,poorer,0.8025257824413231,0.7798094236251646,0.8252421412574816
Middle East & North Africa,West Asia,Yemen,2013,middle,0.7114230288155576,0.6810232228326505,0.7418228347984648
Middle East & North Africa,West Asia,Yemen,2013,richer,0.5710536658517524,0.5376884737495965,0.6044188579539084
Middle East & North Africa,West Asia,Yemen,2013,richest,0.4170723818180523,0.3759463092813043,0.4581984543548003
South Asia,South Asia,Afghanistan,2015,poorest,0.7708122145012288,0.7409422253241399,0.8006822036783178
South Asia,South Asia,Afghanistan,2015,poorer,0.6448705473782649,0.6149037113811343,0.6748373833753954
South Asia,South Asia,Afghanistan,2015,middle,0.5786494543265847,0.5066133432709831,0.6506855653821862
South Asia,South Asia,Afghanistan,2015,richer,0.36125161624964247,0.31945145509072065,0.4030517774085643
South Asia,South Asia,Afghanistan,2015,richest,0.1661605512480333,0.1332367467790284,0.19908435571703822
South Asia,South Asia,Bangladesh,2017,poorest,0.7319806459703343,0.6943489970694279,0.7696122948712407
South Asia,South Asia,Bangladesh,2017,poorer,0.6204821071139329,0.5826163677937269,0.6583478464341389
South Asia,South Asia,Bangladesh,2017,middle,0.5092082451371804,0.46728155972652224,0.5511349305478386
South Asia,South Asia,Bangladesh,2017,richer,0.40349345498759515,0.36754578727504117,0.4394411227001491
South Asia,South Asia,Bangladesh,2017,richest,0.21486376719747458,0.18627806301182595,0.2434494713831232
South Asia,South Asia,India,2015,poorest,0.40020630276456237,0.39269339269011266,0.4077192128390121
South Asia,South Asia,India,2015,poorer,0.24521353920485348,0.23867109995912514,0.2517559784505818
South Asia,South Asia,India,2015,middle,0.14743030812768626,0.1422231456691453,0.15263747058622723
South Asia,South Asia,India,2015,richer,0.09257854886393253,0.08746231386751487,0.0976947838603502
South Asia,South Asia,India,2015,richest,0.04528346336843277,0.041677696555684415,0.04888923018118113
South Asia,South Asia,Maldives,2016,poorest,0.0015342232131578142,-7.383165514649706e-4,0.003806762977780599
South Asia,South Asia,Maldives,2016,poorer,0.0018361317430717417,-7.670907010904095e-4,0.004439354187233893
South Asia,South Asia,Maldives,2016,middle,0.0075149223086461055,-0.0030201389250496067,0.018049983542341816
South Asia,South Asia,Maldives,2016,richer,0,0,0
South Asia,South Asia,Maldives,2016,richest,0.019182926491693342,-0.00577528828201811,0.04414114126540479
South Asia,South Asia,Nepal,2016,poorest,0.6480545924288673,0.5946986277626027,0.7014105570951319
South Asia,South Asia,Nepal,2016,poorer,0.5280469399474791,0.47991200357004066,0.5761818763249175
South Asia,South Asia,Nepal,2016,middle,0.43616466427208533,0.3770952903483938,0.4952340381957769
South Asia,South Asia,Nepal,2016,richer,0.3121665725427767,0.25254059551385794,0.37179254957169544
South Asia,South Asia,Nepal,2016,richest,0.10839189367788174,0.06702710645994844,0.14975668089581504
South Asia,South Asia,Pakistan,2017,poorest,0.5725736980098194,0.5218396727188039,0.6233077233008348
South Asia,South Asia,Pakistan,2017,poorer,0.4604676534441223,0.41241891406774256,0.5085163928205021
South Asia,South Asia,Pakistan,2017,middle,0.31337387557250207,0.27299164611720517,0.353756105027799
South Asia,South Asia,Pakistan,2017,richer,0.1857860738515077,0.15224272925634325,0.21932941844667214
South Asia,South Asia,Pakistan,2017,richest,0.07984047335518142,0.054284657398517164,0.10539628931184568
Sub-Saharan Africa,Eastern Africa,Burundi,2016,poorest,0.1882682468437877,0.16557654674745065,0.21095994694012477
Sub-Saharan Africa,Eastern Africa,Burundi,2016,poorer,0.12201676842496703,0.10509778308602255,0.1389357537639115
Sub-Saharan Africa,Eastern Africa,Burundi,2016,middle,0.1201333421725581,0.10093952501897079,0.13932715932614542
Sub-Saharan Africa,Eastern Africa,Burundi,2016,richer,0.10601762987552213,0.08963871571925341,0.12239654403179084
Sub-Saharan Africa,Eastern Africa,Burundi,2016,richest,0.035568530012226394,0.026145638600384765,0.04499142142406802
Sub-Saharan Africa,Eastern Africa,Comoros,2012,poorest,0.38735433761038846,0.333437768791902,0.4412709064288749
Sub-Saharan Africa,Eastern Africa,Comoros,2012,poorer,0.2475116030711591,0.20191852580242392,0.2931046803398943
Sub-Saharan Africa,Eastern Africa,Comoros,2012,middle,0.15894340578364227,0.11443025906557058,0.20345655250171396
Sub-Saharan Africa,Eastern Africa,Comoros,2012,richer,0.13894843295583528,0.09396405618993832,0.18393280972173226
Sub-Saharan Africa,Eastern Africa,Comoros,2012,richest,0.0799083227019144,0.04872813074737349,0.11108851465645532
Sub-Saharan Africa,Eastern Africa,Ethiopia,2016,poorest,0.8810188934596257,0.8509946352440598,0.9110431516751916
Sub-Saharan Africa,Eastern Africa,Ethiopia,2016,poorer,0.8015635552580341,0.7623969163184245,0.8407301941976437
Sub-Saharan Africa,Eastern Africa,Ethiopia,2016,middle,0.7614185611164146,0.721735781441771,0.8011013407910582
Sub-Saharan Africa,Eastern Africa,Ethiopia,2016,richer,0.7119290472415867,0.6720291015343282,0.7518289929488452
Sub-Saharan Africa,Eastern Africa,Ethiopia,2016,richest,0.3123101518552431,0.25084781912335524,0.3737724845871309
Sub-Saharan Africa,Eastern Africa,Kenya,2014,poorest,0.6824460126608766,0.6540422469390659,0.7108497783826873
Sub-Saharan Africa,Eastern Africa,Kenya,2014,poorer,0.4907307796729338,0.46530636245174045,0.5161551968941273
Sub-Saharan Africa,Eastern Africa,Kenya,2014,middle,0.36085778619005904,0.3340906845394408,0.3876248878406773
Sub-Saharan Africa,Eastern Africa,Kenya,2014,richer,0.1902867372653517,0.16819606754397046,0.21237740698673294
Sub-Saharan Africa,Eastern Africa,Kenya,2014,richest,0.062081470698928685,0.049040299537589094,0.07512264186026828
Sub-Saharan Africa,Eastern Africa,Madagascar,2008,poorest,0.8096983479115331,0.78021470577583,0.8391819900472361
Sub-Saharan Africa,Eastern Africa,Madagascar,2008,poorer,0.7446622557259531,0.7124169554730242,0.7769075559788821
Sub-Saharan Africa,Eastern Africa,Madagascar,2008,middle,0.6198666019024098,0.578839666203064,0.6608935376017556
Sub-Saharan Africa,Eastern Africa,Madagascar,2008,richer,0.5111849998082472,0.46351906708588886,0.5588509325306055
Sub-Saharan Africa,Eastern Africa,Madagascar,2008,richest,0.33317335806595494,0.2975830983615435,0.36876361777036637
Sub-Saharan Africa,Eastern Africa,Malawi,2015,poorest,0.09838986683946682,0.0824255572716341,0.11435417640729954
Sub-Saharan Africa,Eastern Africa,Malawi,2015,poorer,0.07583468021300907,0.06010182653832316,0.09156753388769498
Sub-Saharan Africa,Eastern Africa,Malawi,2015,middle,0.08175662067895594,0.06804502689441251,0.09546821446349936
Sub-Saharan Africa,Eastern Africa,Malawi,2015,richer,0.05538522529247166,0.040023307538194615,0.07074714304674871
Sub-Saharan Africa,Eastern Africa,Malawi,2015,richest,0.025773920971760667,0.017210496481027772,0.03433734546249356
Sub-Saharan Africa,Eastern Africa,Mozambique,2011,poorest,0.6645226630100154,0.6193809593222731,0.7096643666977577
Sub-Saharan Africa,Eastern Africa,Mozambique,2011,poorer,0.6070371636380641,0.5634587064673263,0.650615620808802
Sub-Saharan Africa,Eastern Africa,Mozambique,2011,middle,0.4436106318866381,0.39445784188151245,0.4927634218917637
Sub-Saharan Africa,Eastern Africa,Mozambique,2011,richer,0.23411178052476958,0.20243925693441228,0.2657843041151269
Sub-Saharan Africa,Eastern Africa,Mozambique,2011,richest,0.06350985317168902,0.045125003113772474,0.08189470322960556
Sub-Saharan Africa,Eastern Africa,Rwanda,2015,poorest,0.13544659788092944,0.11111948342378962,0.15977371233806928
Sub-Saharan Africa,Eastern Africa,Rwanda,2015,poorer,0.07852872281941513,0.0629228896494754,0.09413455598935486
Sub-Saharan Africa,Eastern Africa,Rwanda,2015,middle,0.07522612155748268,0.05732385732567264,0.09312838578929272
Sub-Saharan Africa,Eastern Africa,Rwanda,2015,richer,0.05682520678708393,0.041575869360887675,0.07207454421328018
Sub-Saharan Africa,Eastern Africa,Rwanda,2015,richest,0.024894931373012723,0.015536396175991125,0.03425346657003432
Sub-Saharan Africa,Eastern Africa,Tanzania,2015,poorest,0.5657406061663803,0.5197090286571306,0.61177218367563
Sub-Saharan Africa,Eastern Africa,Tanzania,2015,poorer,0.4797371273872289,0.4390683115781915,0.5204059431962663
Sub-Saharan Africa,Eastern Africa,Tanzania,2015,middle,0.3650501824077476,0.32412986474382555,0.4059705000716697
Sub-Saharan Africa,Eastern Africa,Tanzania,2015,richer,0.21200407607536695,0.17192994220029142,0.2520782099504425
Sub-Saharan Africa,Eastern Africa,Tanzania,2015,richest,0.05212605786393563,0.04042246874365416,0.06382964698421709
Sub-Saharan Africa,Eastern Africa,Uganda,2016,poorest,0.33601194184971933,0.30203449999858095,0.3699893837008577
Sub-Saharan Africa,Eastern Africa,Uganda,2016,poorer,0.353126783955328,0.32449431159084574,0.3817592563198102
Sub-Saharan Africa,Eastern Africa,Uganda,2016,middle,0.2791532317251689,0.25191912598096655,0.3063873374693713
Sub-Saharan Africa,Eastern Africa,Uganda,2016,richer,0.19747998976093994,0.17324732246053187,0.22171265706134802
Sub-Saharan Africa,Eastern Africa,Uganda,2016,richest,0.06831385709161408,0.054370008587606905,0.08225770559562126
Sub-Saharan Africa,Eastern Africa,Zambia,2018,poorest,0.25724131320836463,0.2176828500556247,0.29679977636110455
Sub-Saharan Africa,Eastern Africa,Zambia,2018,poorer,0.1836237047029148,0.1548507341495366,0.21239667525629302
Sub-Saharan Africa,Eastern Africa,Zambia,2018,middle,0.13751704006605905,0.11447691458287419,0.1605571655492439
Sub-Saharan Africa,Eastern Africa,Zambia,2018,richer,0.07652159740696986,0.056683077842185355,0.09636011697175437
Sub-Saharan Africa,Eastern Africa,Zambia,2018,richest,0.03741199002708388,0.019629908066836226,0.05519407198733154
Sub-Saharan Africa,Eastern Africa,Zimbabwe,2015,poorest,0.3533225812095482,0.30361819718697475,0.4030269652321216
Sub-Saharan Africa,Eastern Africa,Zimbabwe,2015,poorer,0.2696516716140784,0.23021931533628412,0.3090840278918726
Sub-Saharan Africa,Eastern Africa,Zimbabwe,2015,middle,0.21310148616471916,0.16633113306382227,0.2598718392656161
Sub-Saharan Africa,Eastern Africa,Zimbabwe,2015,richer,0.10610880116250397,0.08268244336129739,0.12953515896371057
Sub-Saharan Africa,Eastern Africa,Zimbabwe,2015,richest,0.03611165551235803,0.0212597762480905,0.05096353477662556
Sub-Saharan Africa,Middle Africa,Angola,2015,poorest,0.8572832922626573,0.8330140135043661,0.8815525710209485
Sub-Saharan Africa,Middle Africa,Angola,2015,poorer,0.7471515456371557,0.7149926118311777,0.7793104794431337
Sub-Saharan Africa,Middle Africa,Angola,2015,middle,0.4421040515722525,0.4070247959277988,0.47718330721670627
Sub-Saharan Africa,Middle Africa,Angola,2015,richer,0.26647726521391324,0.2278265614499689,0.30512796897785754
Sub-Saharan Africa,Middle Africa,Angola,2015,richest,0.13184425385663023,0.10218546945637816,0.1615030382568823
Sub-Saharan Africa,Middle Africa,Cameroon,2018,poorest,0.7248493897401037,0.6847507457626238,0.7649480337175836
Sub-Saharan Africa,Middle Africa,Cameroon,2018,poorer,0.42348929650322714,0.3618380727882914,0.4851405202181629
Sub-Saharan Africa,Middle Africa,Cameroon,2018,middle,0.23841018961865246,0.195176459632579,0.2816439196047259
Sub-Saharan Africa,Middle Africa,Cameroon,2018,richer,0.09072093372858496,0.06256765186718771,0.11887421558998221
Sub-Saharan Africa,Middle Africa,Cameroon,2018,richest,0.01872395988113073,0.010177430990840968,0.027270488771420492
Sub-Saharan Africa,Middle Africa,Chad,2014,poorest,0.859349537623379,0.829673163602225,0.8890259116445329
Sub-Saharan Africa,Middle Africa,Chad,2014,poorer,0.8440379182393044,0.8170282809218092,0.8710475555567996
Sub-Saharan Africa,Middle Africa,Chad,2014,middle,0.853229351279328,0.8235495213179507,0.8829091812407053
Sub-Saharan Africa,Middle Africa,Chad,2014,richer,0.8384391463653986,0.8098396363903829,0.8670386563404143
Sub-Saharan Africa,Middle Africa,Chad,2014,richest,0.41546233697792717,0.3740256836641975,0.45689899029165687
Sub-Saharan Africa,Middle Africa,Congo,2011,poorest,0.22343921915909262,0.18013180176476018,0.26674663655342506
Sub-Saharan Africa,Middle Africa,Congo,2011,poorer,0.07407119832831702,0.04994373980665671,0.09819865684997733
Sub-Saharan Africa,Middle Africa,Congo,2011,middle,0.033403414216997204,0.00962042331881607,0.057186405115178335
Sub-Saharan Africa,Middle Africa,Congo,2011,richer,0.01579973452037241,0.007142743038372999,0.024456726002371823
Sub-Saharan Africa,Middle Africa,Congo,2011,richest,0.007849219485987626,5.34161468018963e-4,0.01516427750395629
Sub-Saharan Africa,Middle Africa,Congo Democratic Republic,2013,poorest,0.3282690618694672,0.283544032763164,0.3729940909757704
Sub-Saharan Africa,Middle Africa,Congo Democratic Republic,2013,poorer,0.2529838544065383,0.20500354280856956,0.3009641660045071
Sub-Saharan Africa,Middle Africa,Congo Democratic Republic,2013,middle,0.1997255272757506,0.1635460787406105,0.2359049758108907
Sub-Saharan Africa,Middle Africa,Congo Democratic Republic,2013,richer,0.08150773671182694,0.05741335276065155,0.10560212066300234
Sub-Saharan Africa,Middle Africa,Congo Democratic Republic,2013,richest,0.017648077939019277,0.007026735680929907,0.028269420197108645
Sub-Saharan Africa,Middle Africa,Gabon,2012,poorest,0.22547938501739995,0.18784670311431967,0.2631120669204802
Sub-Saharan Africa,Middle Africa,Gabon,2012,poorer,0.05455923898805179,0.0313392972380135,0.07777918073809008
Sub-Saharan Africa,Middle Africa,Gabon,2012,middle,0.02686007084141222,0.009975943261715726,0.043744198421108715
Sub-Saharan Africa,Middle Africa,Gabon,2012,richer,0.023136985305055882,0.006566030717474306,0.03970793989263746
Sub-Saharan Africa,Middle Africa,Gabon,2012,richest,0.004547379310840209,-4.105141832484267e-4,0.009505272804928844
Sub-Saharan Africa,Middle Africa,Sao Tome and Principe,2008,poorest,0.2902747796254625,0.23772545628241956,0.3428241029685054
Sub-Saharan Africa,Middle Africa,Sao Tome and Principe,2008,poorer,0.2782346226030807,0.21901146426423931,0.337457780941922
Sub-Saharan Africa,Middle Africa,Sao Tome and Principe,2008,middle,0.15439057693282263,0.0996336866876219,0.20914746717802335
Sub-Saharan Africa,Middle Africa,Sao Tome and Principe,2008,richer,0.10779498767581902,0.07108283059534576,0.14450714475629228
Sub-Saharan Africa,Middle Africa,Sao Tome and Principe,2008,richest,0.08539234907862212,0.039852290253960504,0.13093240790328373
Sub-Saharan Africa,Southern Africa,Eswatini,2006,poorest,0.48497121411290833,0.4322382851017246,0.5377041431240921
Sub-Saharan Africa,Southern Africa,Eswatini,2006,poorer,0.33921291223361616,0.29367360914444973,0.3847522153227826
Sub-Saharan Africa,Southern Africa,Eswatini,2006,middle,0.2129784626846793,0.16688401613214926,0.2590729092372093
Sub-Saharan Africa,Southern Africa,Eswatini,2006,richer,0.1364585240629453,0.09950010570751947,0.17341694241837116
Sub-Saharan Africa,Southern Africa,Eswatini,2006,richest,0.0727024238013478,0.04720839951177477,0.09819644809092082
Sub-Saharan Africa,Southern Africa,Lesotho,2014,poorest,0.42491789415821724,0.3803967264312295,0.46943906188520496
Sub-Saharan Africa,Southern Africa,Lesotho,2014,poorer,0.3414298017250684,0.29983817596055373,0.3830214274895831
Sub-Saharan Africa,Southern Africa,Lesotho,2014,middle,0.18775347517624116,0.1403055270691646,0.23520142328331772
Sub-Saharan Africa,Southern Africa,Lesotho,2014,richer,0.10106125346736095,0.07032730516247693,0.13179520177224496
Sub-Saharan Africa,Southern Africa,Lesotho,2014,richest,0.07096677369135285,0.04143982643646012,0.10049372094624558
Sub-Saharan Africa,Southern Africa,Namibia,2013,poorest,0.28324641668437184,0.23676822741224318,0.3297246059565005
Sub-Saharan Africa,Southern Africa,Namibia,2013,poorer,0.11784419813346791,0.09142529798388269,0.14426309828305314
Sub-Saharan Africa,Southern Africa,Namibia,2013,middle,0.09908344791428392,0.07533951030084057,0.12282738552772726
Sub-Saharan Africa,Southern Africa,Namibia,2013,richer,0.039729794356970306,0.024077086308422944,0.05538250240551767
Sub-Saharan Africa,Southern Africa,Namibia,2013,richest,0.011691375446665514,0.0028671468952464023,0.020515603998084626
Sub-Saharan Africa,Southern Africa,South Africa,2016,poorest,0.0738764344163211,0.05169806866199956,0.09605480017064263
Sub-Saharan Africa,Southern Africa,South Africa,2016,poorer,0.04633388714129709,0.025478912476669825,0.06718886180592436
Sub-Saharan Africa,Southern Africa,South Africa,2016,middle,0.014776444670685803,0.003575954240502109,0.0259769351008695
Sub-Saharan Africa,Southern Africa,South Africa,2016,richer,0.02787558443012886,0.010426407763507166,0.04532476109675056
Sub-Saharan Africa,Southern Africa,South Africa,2016,richest,0.005749628689548254,-0.0037985456373997714,0.015297803016496279
Sub-Saharan Africa,Western Africa,Benin,2017,poorest,0.3599442522797637,0.31212066993429416,0.4077678346252332
Sub-Saharan Africa,Western Africa,Benin,2017,poorer,0.1756984837832659,0.14600663174911854,0.20539033581741328
Sub-Saharan Africa,Western Africa,Benin,2017,middle,0.11093907820108481,0.08649882905636137,0.13537932734580826
Sub-Saharan Africa,Western Africa,Benin,2017,richer,0.03863273171273825,0.025547678623984577,0.05171778480149192
Sub-Saharan Africa,Western Africa,Benin,2017,richest,0.006322366323925783,0.0027332880477400597,0.009911444600111508
Sub-Saharan Africa,Western Africa,Burkina Faso,2010,poorest,0.532181786142645,0.48509009601103115,0.5792734762742588
Sub-Saharan Africa,Western Africa,Burkina Faso,2010,poorer,0.4345640134400179,0.3955516410383279,0.47357638584170786
Sub-Saharan Africa,Western Africa,Burkina Faso,2010,middle,0.322221797016148,0.2865835608804065,0.3578600331518895
Sub-Saharan Africa,Western Africa,Burkina Faso,2010,richer,0.2256562650961195,0.19243695304950403,0.25887557714273496
Sub-Saharan Africa,Western Africa,Burkina Faso,2010,richest,0.06492665170106919,0.050086103991856944,0.07976719941028143
Sub-Saharan Africa,Western Africa,Cote d'Ivoire,2012,poorest,0.6574966289366136,0.6164242505753267,0.6985690072979006
Sub-Saharan Africa,Western Africa,Cote d'Ivoire,2012,poorer,0.5871260727669025,0.5375578693990872,0.6366942761347179
Sub-Saharan Africa,Western Africa,Cote d'Ivoire,2012,middle,0.37161597609235036,0.31885642552749377,0.42437552665720696
Sub-Saharan Africa,Western Africa,Cote d'Ivoire,2012,richer,0.16302434448014888,0.13193144683931618,0.19411724212098158
Sub-Saharan Africa,Western Africa,Cote d'Ivoire,2012,richest,0.06800166122556028,0.04738770275272139,0.08861561969839918
Sub-Saharan Africa,Western Africa,Gambia,2013,poorest,0.5014360114874231,0.4553463066497388,0.5475257163251075
Sub-Saharan Africa,Western Africa,Gambia,2013,poorer,0.4938802754152158,0.44465343623003284,0.5431071146003987
Sub-Saharan Africa,Western Africa,Gambia,2013,middle,0.47758644716099535,0.40972975507396237,0.5454431392480283
Sub-Saharan Africa,Western Africa,Gambia,2013,richer,0.22746173760500196,0.17241037830406383,0.28251309690594006
Sub-Saharan Africa,Western Africa,Gambia,2013,richest,0.0814046193468016,0.05810959380098823,0.10469964489261496
Sub-Saharan Africa,Western Africa,Ghana,2014,poorest,0.5363689751909599,0.4640603180383331,0.6086776323435868
Sub-Saharan Africa,Western Africa,Ghana,2014,poorer,0.3925310857635277,0.3511928105632363,0.43386936096381906
Sub-Saharan Africa,Western Africa,Ghana,2014,middle,0.23806404853050211,0.1947749379341656,0.2813531591268386
Sub-Saharan Africa,Western Africa,Ghana,2014,richer,0.0663429104533898,0.045515391441904036,0.08717042946487558
Sub-Saharan Africa,Western Africa,Ghana,2014,richest,0.0287911864888614,0.012653056628192778,0.04492931634953002
Sub-Saharan Africa,Western Africa,Guinea,2018,poorest,0.7464162925240363,0.703348412512309,0.7894841725357636
Sub-Saharan Africa,Western Africa,Guinea,2018,poorer,0.5927298856553842,0.5414477413228918,0.6440120299878767
Sub-Saharan Africa,Western Africa,Guinea,2018,middle,0.49172648998008406,0.4430312291248952,0.540421750835273
Sub-Saharan Africa,Western Africa,Guinea,2018,richer,0.24271496002586562,0.20657690140189167,0.2788530186498396
Sub-Saharan Africa,Western Africa,Guinea,2018,richest,0.12937553420575454,0.10173518510409568,0.1570158833074134
Sub-Saharan Africa,Western Africa,Liberia,2013,poorest,0.5858124512261799,0.5426743017291619,0.6289506007231979
Sub-Saharan Africa,Western Africa,Liberia,2013,poorer,0.5346845293677042,0.4889087236761445,0.5804603350592639
Sub-Saharan Africa,Western Africa,Liberia,2013,middle,0.42742004281081786,0.38049783573334917,0.47434224988828655
Sub-Saharan Africa,Western Africa,Liberia,2013,richer,0.2995641937572838,0.2445926211410075,0.35453576637356016
Sub-Saharan Africa,Western Africa,Liberia,2013,richest,0.2053922771932109,0.10547558272669129,0.30530897165973053
Sub-Saharan Africa,Western Africa,Mali,2018,poorest,0.549220053753814,0.4771618693181966,0.6212782381894314
Sub-Saharan Africa,Western Africa,Mali,2018,poorer,0.4615514592715938,0.4074157188862264,0.5156871996569612
Sub-Saharan Africa,Western Africa,Mali,2018,middle,0.36012360242782004,0.3084695560987563,0.4117776487568838
Sub-Saharan Africa,Western Africa,Mali,2018,richer,0.15183148001972324,0.11838417410195462,0.18527878593749186
Sub-Saharan Africa,Western Africa,Mali,2018,richest,0.037137364785054076,0.023888630511025778,0.050386099059082375
Sub-Saharan Africa,Western Africa,Niger,2012,poorest,0.8649576437822694,0.8424411568275544,0.8874741307369843
Sub-Saharan Africa,Western Africa,Niger,2012,poorer,0.8042088601039137,0.7722683856919249,0.8361493345159025
Sub-Saharan Africa,Western Africa,Niger,2012,middle,0.7738587533177983,0.7401831853616256,0.807534321273971
Sub-Saharan Africa,Western Africa,Niger,2012,richer,0.6998492119410644,0.6593579458630345,0.7403404780190943
Sub-Saharan Africa,Western Africa,Niger,2012,richest,0.2828601248355232,0.23793433746893233,0.32778591220211406
Sub-Saharan Africa,Western Africa,Nigeria,2018,poorest,0.8798491805104793,0.8635762433096232,0.8961221177113354
Sub-Saharan Africa,Western Africa,Nigeria,2018,poorer,0.7826994163405887,0.7586501180889521,0.8067487145922253
Sub-Saharan Africa,Western Africa,Nigeria,2018,middle,0.5807627599172537,0.5493202873963182,0.6122052324381891
Sub-Saharan Africa,Western Africa,Nigeria,2018,richer,0.37807296568883786,0.34587626626007645,0.41026966511759927
Sub-Saharan Africa,Western Africa,Nigeria,2018,richest,0.17441233549717763,0.15151013203326683,0.19731453896108844
Sub-Saharan Africa,Western Africa,Senegal,2018,poorest,0.45496546138550636,0.4045029119991024,0.5054280107719104
Sub-Saharan Africa,Western Africa,Senegal,2018,poorer,0.21921764362968119,0.18383861876473778,0.2545966684946246
Sub-Saharan Africa,Western Africa,Senegal,2018,middle,0.07755857049355355,0.04773853147060117,0.10737860951650594
Sub-Saharan Africa,Western Africa,Senegal,2018,richer,0.02698234482490957,0.010628523264551281,0.043336166385267855
Sub-Saharan Africa,Western Africa,Senegal,2018,richest,0.02455780343302743,0.010604382507812768,0.03851122435824209
Sub-Saharan Africa,Western Africa,Sierra Leone,2019,poorest,0.20911271962906916,0.17175381950619464,0.24647161975194368
Sub-Saharan Africa,Western Africa,Sierra Leone,2019,poorer,0.19438282604054852,0.15775220448948138,0.23101344759161566
Sub-Saharan Africa,Western Africa,Sierra Leone,2019,middle,0.1630641747622017,0.13157956319716604,0.19454878632723735
Sub-Saharan Africa,Western Africa,Sierra Leone,2019,richer,0.13876472017805647,0.11390097360808335,0.16362846674802958
Sub-Saharan Africa,Western Africa,Sierra Leone,2019,richest,0.08503580422484892,0.05925205019820373,0.11081955825149412
Sub-Saharan Africa,Western Africa,Togo,2013,poorest,0.5654433355076554,0.5178505462334851,0.6130361247818256
Sub-Saharan Africa,Western Africa,Togo,2013,poorer,0.40792018345794034,0.3559717032290326,0.4598686636868481
Sub-Saharan Africa,Western Africa,Togo,2013,middle,0.240354898454785,0.19355633466054528,0.2871534622490247
Sub-Saharan Africa,Western Africa,Togo,2013,richer,0.05500566052127699,0.03131151668039768,0.0786998043621563
Sub-Saharan Africa,Western Africa,Togo,2013,richest,0.02941295081916556,0.016548518765424063,0.042277382872907054
